titre,journal,date
Être ou ne pas être... conforme,Charlie Hebdo,2021-01-03
Chine : victoire sur le virus et la démocratie,Charlie Hebdo,2021-01-03
Vaccination : l'Allemagne déjà en manque de doses,Libération,2021-01-03
Panneaux de confinement : comment une PME s'est adaptée à la pandémie,Libération,2021-01-03
"Un an après la mort de Cédric Chouviat, l’Intérieur toujours immobile",Libération,2021-01-03
"Deux soldats français tués au Mali, cinq en moins d'une semaine",Libération,2021-01-03
"Deux soldats français tués au Mali, un an de la mort de Cédric Chouviat, les restrictions se durcissent face au Covid-19... l'actu de ce dimanche matin",Libération,2021-01-03
«Dry January» : la France fait de la résistance,Libération,2021-01-03
Deux vaccins autorisés en Inde dont un développé localement,Libération,2021-01-03
«Les femmes qui ont des problèmes d’alcool ne sont pas celles que l’on croit»,Libération,2021-01-03
"De retour de Suisse, 48 skieurs du Doubs mis en quarantaine",Libération,2021-01-03
"Charles Webster, regain de douceur",Libération,2021-01-03
"Gregory Crewdson, passages à vide",Libération,2021-01-03
"Lisa Mandel, édition spéciale",Libération,2021-01-03
"Manu Key, liens dans l’autre",Libération,2021-01-03
Mines au Mali : des techniques rudimentaires pour frapper les militaires français,Libération,2021-01-03
"En France, un protocole de vaccination ceinture et bretelles",Libération,2021-01-03
PSA et Fiat-Chrysler : un mariage né sous une bonne étoile ?,Libération,2021-01-03
Les leçons de l’épisode Mauricette,Libération,2021-01-03
"Willem, moi, vieux et marrant",Libération,2021-01-03
"Des stades au chômage, la vie réelle d’un footballeur pro",Libération,2021-01-03
"Russie : lancé comme une fusée, Spoutnik V récolte la méfiance",Libération,2021-01-03
"Nouveau variant du Covid-19, vaccination, militaires français tués au Mali, marche en hommage à Cédric Chouviat... l'actualité de ce week-end",Libération,2021-01-03
Dry January : «C’est une respiration après les excès des fêtes»,Libération,2021-01-03
Le marché du sans alcool a le vent en coupe,Libération,2021-01-03
"Entre l’EI et Boko Haram, le Niger dans l’étau du jihad",Libération,2021-01-03
"Cédric Chouviat : à Paris, hommage à un «homme mort pour rien»",Libération,2021-01-03
Présidence allemande de l’UE: un virage et une pluie d’hommages,Libération,2021-01-03
"Pour Blanquer, pas question de reporter la rentrée",Libération,2021-01-03
Pincettes,Libération,2021-01-03
Covid : un premier rendez-vous raté avec les vaccins,Libération,2021-01-03
Vaccinations : l’éloge de la lenteur cloué au pilori,Libération,2021-01-03
"«Tout ce que je veux, c'est qu'on me trouve 11 780 voix» : quand Trump fait ouvertement pression sur un agent électoral",Libération,2021-01-03
Donald Trump fait pression sur le secrétaire d’Etat de Géorgie pour « trouver 11 780 voix »,Le Monde,2021-01-03
Etats-Unis : Nancy Pelosi réélue présidente de la Chambre des représentants,Le Monde,2021-01-03
"Roger Hassenforder, « Roger le fou », ancien maillot jaune du Tour de France, est mort",Le Monde,2021-01-03
L’UE dénonce les conditions « inacceptables » pour les migrants en Bosnie,Le Monde,2021-01-03
"Vivien Leigh sur Arte : l’Anglaise et ses deux continents, Hollywood et le théâtre",Le Monde,2021-01-03
"Dans la ville de Bruxelles, l’appel à l’aide alimentaire des sinistrés du Covid-19",Le Monde,2021-01-03
"Centrafrique : des rebelles ont pris le contrôle de Bangassou, à 750 km de Bangui",Le Monde,2021-01-03
Présidentielle au Niger : un second tour en vue pour le favori Mohamed Bazoum,Le Monde,2021-01-03
"Au Niger, cent morts dans les attaques de deux villages de l’Ouest",Le Monde,2021-01-03
"Couvre-feu à 18 heures, rave-party illégale, Brexit, claque pour Trump au Congrès… les cinq infos à retenir du week-end",Le Monde,2021-01-03
"« A la fin du XIXe siècle, la médecine militaire est devenue un laboratoire de la lutte contre les épidémies »",Le Monde,2021-01-03
"Covid-19 en France : sous le feu des critiques, le gouvernement promet d’accélérer la campagne de vaccination",Le Monde,2021-01-03
"Une marche blanche, à Paris, en mémoire de Cédric Chouviat, décédé il y a un an lors d’un contrôle policier",Le Monde,2021-01-03
Musique contemporaine : le duo XAMP donne un second souffle à l’accordéon,Le Monde,2021-01-03
Cinq livres pour éveiller les jeunes lecteurs à la poésie,Le Monde,2021-01-03
"Deux attentats islamistes déjoués en 2020, trente-trois depuis 2017, selon Laurent Nuñez",Le Monde,2021-01-03
"Jean-Luc, éboueur en Guyane cité en exemple par Macron, réclame la prime pour les travailleurs de première ligne",Le Monde,2021-01-03
Un adolescent tué et quatre personnes blessées dans une fusillade à Bordeaux,Le Monde,2021-01-03
Des milliers d’Irakiens conspuent les Etats-Unis pour le premier anniversaire de la mort du général Soleimani,Le Monde,2021-01-03
"Covid-19 dans le monde : l’Inde autorise deux vaccins, la Suisse reconnaît des erreurs dans la gestion de l’épidémie",Le Monde,2021-01-03
Voyage immobile à Mumbai,Le Monde,2021-01-03
"Football plein pot ce dimanche à la télé, avec dix-huit matchs retransmis",Le Monde,2021-01-03
"Au Cameroun, chez les Mafa, l’artisanat se transmet de génération en génération",Le Monde,2021-01-03
"Hongkong : « Pour le parti-Etat, la question de la sécurité nationale est avant tout affaire de souveraineté »",Le Monde,2021-01-03
"2020, l’année où le Moyen-Orient a basculé",Le Monde,2021-01-03
Entreprises : « Les Etats ont un rôle crucial de “régulateur écologique” »,Le Monde,2021-01-03
Combien coûte un logement sans locataire ?,Le Monde,2021-01-03
Un groupe de sénateurs républicains refuse de certifier la victoire de Joe Biden,Le Monde,2021-01-03
"Croissance, chômage, dette, inégalités : en 2021, une reprise à haut risque en Europe",Le Monde,2021-01-03
"Prêtres en couple, « amantes clandestines » : le tabou de l’Eglise",Le Monde,2021-01-03
Le prochain album d’Astérix sortira le 21 octobre,Le Monde,2021-01-03
"Le dispositif « un jeune, une solution » prolongé au-delà de janvier",Le Monde,2021-01-03
Jumet : Mohamed finalement arrêté,Nord Presse,2021-01-03
Le nouvel album de Christophe Marley va vous étonner,Nord Presse,2021-01-03
Disparition d’Adobe Flash : pourquoi la communauté s’indigne,Nord Presse,2021-01-03
Brésil: les incendies de forêt au plus haut en dix ans,Science et Avenir,2021-01-03
Sommeil : un petit somme pour stimuler sa créativité ?,Science et Avenir,2021-01-03
"USA: la campagne de vaccination va s'accélérer, rassurent des responsables",Science et Avenir,2021-01-03
Coronavirus: le point sur la pandémie,Science et Avenir,2021-01-03
Virus: Israël vise la double vaccination pour deux millions d'habitants d'ici fin janvier,Science et Avenir,2021-01-03
Le bilan de la pandémie de Covid-19 à 11H00 GMT,Science et Avenir,2021-01-03
Des ondes cérébrales témoignent de la perception d’un changement par le cerveau,Science et Avenir,2021-01-03
"Vaccins: le gouvernement promet d'accélérer la cadence, craintes d'un rebond du virus",Science et Avenir,2021-01-03
"Insomnie chronique : ""L'efficacité de la TCC est désormais prouvée""",Science et Avenir,2021-01-03
Un septième corps retrouvé après le glissement de terrain en Norvège,Science et Avenir,2021-01-03
Covid-19: l'Inde autorise deux vaccins dont celui d'AstraZeneca/Oxford,Science et Avenir,2021-01-03
 Caroline Receveur : la touchante raison pour laquelle elle ne se sépare jamais de son fils Marlon,Closer,2021-01-03
Alizée dévoile d'adorables clichés de ses filles Maggy et Annily pour la nouvelle année,Closer,2021-01-03
 Zoe Kravitz et Karl Glusman : le couple divorce après 18 mois de mariage,Closer,2021-01-03
Mort de Pierre Cardin : le couturier inhumé auprès de son compagnon,Closer,2021-01-03
Olivier Véran pas sur CNews ? Le patron de la chaîne l'accuse de boycott,Closer,2021-01-03
"Mort de l'influenceuse Emily Mitchell, enceinte de son cinquième enfant",Closer,2021-01-03
"Larry King, le célèbre journaliste américain, hospitalisé à 87 ans après avoir contracté la Covid-19",Closer,2021-01-03
"Caroline Receveur : “Je souhaitais être plus qu'un joli visage à la télévision""”",Closer,2021-01-03
Prince Albert : pourquoi Christian Estrosi l'a chaleureusement remercié à la veille du Nouvel An,Closer,2021-01-03
"Disparition de Delphine Jubillar : son mari ""agacé"", l'avocat de Cédric Jubillar en dit plus sur son état d'esprit",Closer,2021-01-03
Carla Bruni : elle présente le nouveau membre de sa famille avec sa fille Giulia,Closer,2021-01-03
À la une cette semaine…,La Point,2021-01-03
Quand Trump demande à un élu de « trouver » des votes en sa faveur,La Point,2021-01-03
"Dakar 2021, football, Top 14 : ce qu'il faut retenir du week-end sportif !",La Point,2021-01-03
"Roger Hassenforder, ancien maillot jaune du Tour de France, est mort",La Point,2021-01-03
"Trump demande à un responsable électoral de ""trouver"" des bulletins à son nom",La Point,2021-01-03
Laurent Gerra va incarner un policier suisse dans un téléfilm de France 2,La Point,2021-01-03
Covid-19 : la France passe la barre des 65 000 morts,La Point,2021-01-03
Pérou : des squatteurs envahissent les ruines de la plus ancienne cité des Amériques,La Point,2021-01-03
Brésil: les incendies de forêt au plus haut en dix ans,La Point,2021-01-03
Séance de dédicaces de Miss France : Sylvie Tellier veut éteindre la polémique,La Point,2021-01-03
Fête sauvage au sud de Rennes: l'impuissance de l'Etat en question,La Point,2021-01-03
Paris : des centaines de personnes ont marché en hommage à Cédric Chouviat,La Point,2021-01-03
Niger : 100 morts dans les attaques terroristes de deux villages,La Point,2021-01-03
Covid-19 : vers des restrictions plus strictes en Angleterre ?,La Point,2021-01-03
États-Unis : un policier paye les courses de Noël d'une famille accusée de vol,La Point,2021-01-03
"Les électeurs noirs, au coeur des espoirs démocrates de reprendre le Sénat américain",La Point,2021-01-03
"Face au coronavirus, Boris Johnson envisage des restrictions plus strictes",La Point,2021-01-03
"Rennes: après la fête sauvage, l'impuissance de l'Etat en question",La Point,2021-01-03
Boris Johnson réaffirme son opposition à un référendum sur l'indépendance de l'Écosse,La Point,2021-01-03
Algérie : l'union sacrée de l'armée contre la thèse du « complot » ?,La Point,2021-01-03
"Un adolescent tué, quatre blessés dans une fusillade à Bordeaux, inquiète d'une ""escalade""",La Point,2021-01-03
Grippe aviaire : 40 nouveaux foyers confirmés en quelques jours,La Point,2021-01-03
Sylvère-Henry Cissé : « Pour plus d'Afrique dans le football francilien »,La Point,2021-01-03
Covid-19 : Israël veut vacciner deux millions d'habitants d'ici à fin janvier,La Point,2021-01-03
Doubs : 48 Français placés en isolement à leur retour de Suisse,La Point,2021-01-03
"Rave party en Bretagne : « On le refera », lance l'un des organisateurs",La Point,2021-01-03
"FIP, radio championne de l'éclectisme musical, fête ses 50 ans",La Point,2021-01-03
"Irak : les pro-Iran manifestent, un an après la mort de Soleimani",La Point,2021-01-03
Mali : deux soldats français tués en opération samedi,La Point,2021-01-03
Le 117e Congrès américain fait sa rentrée en prélude d'une semaine décisive,La Point,2021-01-03
Hommage à Cédric Chouviat à Paris un an après sa mort,La Point,2021-01-03
"Bordeaux: un adolescent tué, quatre blessés dans une fusillade samedi soir",La Point,2021-01-03
"Vaccins : Bardella (RN) dénonce un ""amateurisme"" du gouvernement",La Point,2021-01-03
Boris Johnson réaffirme son opposition à un référendum sur l'indépendance de l'Ecosse,La Point,2021-01-03
Boris Johnson réaffirme son opposition à un référendum sur l'indépendance de l'Écosse,La Point,2021-01-03
Doubs : 48 Français placés en isolement à leur retour de Suisse,La Point,2021-01-03
« Ça doit changer vite et fort » : Macron s'agace de la lenteur de la vaccination,La Point,2021-01-03
Nouvel An à Marseille : la police débarque en pleine soirée libertine,La Point,2021-01-03
Le végétarisme en marche au Brésil,La Point,2021-01-03
"Vaccins: le gouvernement promet d'accélérer la cadence, craintes d'un rebond du virus",La Point,2021-01-03
"TF1 : Marie-Sophie Lacarrau, la relève occitane de Jean-Pierre Pernaut",La Point,2021-01-03
"À Nice, l'enlèvement rocambolesque d'une hôtelière aux assises",La Point,2021-01-03
"Grippe aviaire: 40 nouveaux foyers confirmés, principalement dans les Landes",La Point,2021-01-03
"Philippe Martinez ""met en garde"" le gouvernement contre la ""colère"" qui anime le pays",La Point,2021-01-03
"Qui est Mauricio Pochettino, le nouvel entraîneur du PSG ?",La Point,2021-01-03
"Bordeaux : un adolescent tué, quatre blessés dans une fusillade",La Point,2021-01-03
Lagardère obtient un prêt garanti par l'État de 465 millions d'euros,La Point,2021-01-03
« Ça doit changer vite et fort » : Macron s'agace de la lenteur de la vaccination,La Point,2021-01-03
USA: les domiciles des deux plus haut responsables parlementaires vandalisés,La Point,2021-01-03
Robert S. Boynton : les nouvelles stars du journalisme,La Point,2021-01-03
"À Nice, l'enlèvement rocambolesque d'une hôtelière aux assises",La Point,2021-01-03
"Cité par Macron lors de ses voeux, un éboueur guyanais interpelle le président",La Point,2021-01-03
"""Non à l'Amérique!"": manifestations en Irak un an après la mort de Soleimani",La Point,2021-01-03
Grands procès : les femmes tiennent la barre,La Point,2021-01-03
Onze sénateurs républicains refusent de certifier la victoire de Biden,La Point,2021-01-03
Gastronomie - Le goût des voyages,La Point,2021-01-03
Design – Dessine-moi une marque,La Point,2021-01-03
Des chefs d'entreprises visent 100.000 offres d'emplois pour les jeunes d'ici fin janvier,La Point,2021-01-03
Mode – Comme chez soi,La Point,2021-01-03
Mode – Les nouveaux codes de la lingerie,La Point,2021-01-03
Sciences - Un hameçon dans les capillaires,La Point,2021-01-03
Tunisie : le Nobel de la crise,La Point,2021-01-03
Borne annonce la prolongation d'aides en faveur de l'emploi des jeunes,La Point,2021-01-03
Le 39e album d'Astérix attendu pour le 21 octobre,La Point,2021-01-03
Michel Richard – Le rendez-vous décisif de Macron,La Point,2021-01-03
La grande histoire du football français,La Point,2021-01-03
Covid-19 : l'Inde autorise l'utilisation de deux vaccins,La Point,2021-01-03
"Racisme, violences et colonies : comment Macron veut parler à la jeunesse",La Point,2021-01-03
Un groupe de sénateurs républicains refusera de certifier la victoire de Biden,La Point,2021-01-03
La force française Barkhane de nouveau frappée au Mali,La Point,2021-01-03
Sahel : deux soldats français tués samedi au Mali,La Point,2021-01-03
Loïc (Koh-Lanta) : En couple avec une ex-Miss ? Les internautes demandent une officialisation !,Public,2021-01-03
"Enceinte, une influenceuse décède brusquement",Public,2021-01-03
Johnny Hallyday ringard ? La réponse de Pascal Obispo et Jean-Jacques Goldman !,Public,2021-01-03
Astrid Nelsia présente ses voeux pour 2021 mais également son nouveau fessier !,Public,2021-01-03
Jean-Michel Maire : Il s'affiche sur Instagram avec sa chérie qui fait tomber le haut !,Public,2021-01-03
Carla Bruni : L'erreur qu'elle vient de commettre en voiture avec sa fille Giulia !,Public,2021-01-03
"Élie Semoun : Ses surprenantes excuses envers les communautés noire, musulmane et juive...",Public,2021-01-03
Miss France 2021 : Amandine Petit confrontée à une nouvelle polémique en ce début d'année !,Public,2021-01-03
"Nagui, adepte de l'échangisme ? L'animateur se confie sur cette pratique sexuelle !",Public,2021-01-03
"Nicolas Bedos, chambreur : Son nouveau tacle à l'encontre du gouvernement!",Public,2021-01-03
"Angèle, la photo qui ne passe pas : ""J'ai vraiment pris beaucoup trop cher""",Public,2021-01-03
Maeva Ghennam : Cette rare photo de la star des Marseillais qui a choqué les fans !,Public,2021-01-03
Marie-Sophie Lacarrau : Cette star hollywoodienne avec laquelle on confond la successeure de Jean-Pierre Pernaut !,Public,2021-01-03
Ces personnalités comme Michel Sardou décorées de la Légion d'honneur !,Public,2021-01-03
Zoë Kravitz : L'actrice divorce déjà de son mari Karl Glusman !,Public,2021-01-03
Sarah Fraisou et Ahmed impliqués dans une bagarre à Dubaï : Voici les images et les explications de cette embrouille !,Public,2021-01-03
Télé-réalité : Le programme TV de ce dimanche 3 janvier 2021,Public,2021-01-03
"Covid-19: aux États-Unis, la campagne de vaccination accélère",Figaro,2021-01-03
Syrie: sept militaires du régime tués dans une attaque jihadiste dans le Nord,Figaro,2021-01-03
"La France va «très probablement» réduire les effectifs de sa force Barkhane, estime Florence Parly",Figaro,2021-01-03
Le Racing fait plier Clermont,Figaro,2021-01-03
"«Tout ce que je veux, c'est trouver 11.780 votes» : Donald Trump a fait pression sur un officiel",Figaro,2021-01-03
Grippe aviaire: la lutte devrait se durcir,Figaro,2021-01-03
Un pasteur tué dans son église au Texas,Figaro,2021-01-03
Les ventes de voitures électriques et hybrides résistent à la crise  ,Figaro,2021-01-03
PSA et Fiat Chrysler mettent Stellantis sur orbite,Figaro,2021-01-03
"L’éditorial du Figaro: «Ratés de la vaccination, la colère et la honte»",Figaro,2021-01-03
"À Haguenau, le 2e régiment de hussards pleure la mort de deux des siens au Mali",Figaro,2021-01-03
PSA-Fiat Chrysler: un accomplissement pour Carlos Tavares,Figaro,2021-01-03
Vaccination: récit d’un démarrage laborieux,Figaro,2021-01-03
"Face à une épidémie galopante, Londres accélère la cadence de vaccination",Figaro,2021-01-03
"Covid-19: à l’Ehpad Mon repos, des résidents vaccinés après un long processus",Figaro,2021-01-03
"Covid-19: plus de 12.000 nouveaux cas en 24 heures, les hospitalisations en légère hausse",Figaro,2021-01-03
Covid-19: le Canada franchit le cap des 600.000 cas,Figaro,2021-01-03
La population française reste en majorité réfractaire à la vaccination,Figaro,2021-01-03
Le Stade Français facile contre Brive,Figaro,2021-01-03
Vaccination: une logistique en cours de rodage,Figaro,2021-01-03
Ratés de la vaccination: l’exécutif sous pression,Figaro,2021-01-03
Guillaume Tabard: «De ratés d’exécution en fautes de communication»,Figaro,2021-01-03
"Vaccin anti-covid: en Allemagne, les 238.000 injections réalisées sont jugées insuffisantes",Figaro,2021-01-03
Un septième corps retrouvé après le glissement de terrain en Norvège,Figaro,2021-01-03
Bercy anticipe les grandes ruptures économiques de l’après-Covid,Figaro,2021-01-03
Plan de relance: le gouvernement prolonge les aides incitatives à l’embauche des jeunes,Figaro,2021-01-03
24 Heures du Mans 2016: la symphonie inachevée de Toyota,Figaro,2021-01-03
Covid: les enfants iront à l'école lundi «comme prévu» selon Blanquer,Figaro,2021-01-03
Brexit: les douaniers ont bâti la frontière du XXIe siècle,Figaro,2021-01-03
"Dakar: Mike Horn, pionnier de la révolution verte",Figaro,2021-01-03
Donald Trump poursuit sa guerre commerciale,Figaro,2021-01-03
Migrants en Bosnie: l'UE appelle à rebâtir le camp Lipa,Figaro,2021-01-03
«Ce que la crise sanitaire peut changer pour l’action climatique»,Figaro,2021-01-03
"Historique, le Chinois a une espérance de vie plus longue que l’Américain",Figaro,2021-01-03
"Jacques-Olivier Martin: «Après une année noire, 2021 sera donc bien sombre. À quand les années roses?»",Figaro,2021-01-03
Nouveau coup de semonce dans les vignobles français,Figaro,2021-01-03
La Norvège serre la vis pour éviter une nouvelle vague,Figaro,2021-01-03
"Apple, au-delà des limites",Figaro,2021-01-03
Jacques Julliard: «L’énigme Macron»,Figaro,2021-01-03
Olivier Andriès prend les commandes de Safran,Figaro,2021-01-03
Le succès des fêtes n’a pas sauvé l’année des commerçants,Figaro,2021-01-03
Fin du système unique au monde de double monnaie à Cuba,Figaro,2021-01-03
Recherche PDG expérimenté pour tenir le cap,Figaro,2021-01-03
Clarke Murphy: «Le numérique met la pression sur les dirigeants»,Figaro,2021-01-03
Bruno Patino: «Arte a la volonté d’élargir ses audiences aux plus jeunes»,Figaro,2021-01-03
"Nicolas Baverez: «Union européenne, carton plein pour la présidence allemande»",Figaro,2021-01-03
Nicola Sturgeon: «L’Écosse est résolue à suivre une voie légale pour devenir un État indépendant»,Figaro,2021-01-03
L’Iran rumine toujours sa vengeance contre l’Amérique,Figaro,2021-01-03
Un rocambolesque enlèvement devant les assises de Nice,Figaro,2021-01-03
Covid-19: un début janvier sous cloche un peu partout en Europe,Figaro,2021-01-03
Brexit: chronique d’une rupture annoncée depuis le référendum de 2016,Figaro,2021-01-03
Brexit: calme sur la Manche mais nuageux sur l’Écosse,Figaro,2021-01-03
Le Canada rémunère la quarantaine des voyageurs de retour de l’étranger,Figaro,2021-01-03
Le grand récap' de l'actu de Noël au Nouvel an à lire avant la reprise,Figaro,2021-01-03
Et Boris Johnson a enterré le libéralisme thatchérien,Figaro,2021-01-03
"Prune Nourry, une amazone qui tire ses flèches au Bon Marché",Figaro,2021-01-03
«Barkhane» défiée et endeuillée au Sahel,Figaro,2021-01-03
Professeur Yazdan Yazdanpanah: «Il semble que les Français aient été assez raisonnables à Noël»,Figaro,2021-01-03
Niger : 100 civils tués dans les attaques de deux villages,Figaro,2021-01-03
Le Mans : deux hommes écroués après le meurtre d'un jeune de 18 ans,Figaro,2021-01-03
"Frédéric Bierry (LR), le nouveau visage de l'Alsace",Figaro,2021-01-03
Covid-19 : que faut-il savoir sur le très attendu vaccin AstraZeneca/Oxford ?,Figaro,2021-01-03
Les tribulations de Philippe de Broca vers la reconnaissance,Figaro,2021-01-03
Suisse : le président de la Confédération reconnaît des erreurs dans la gestion du Covid-19,Figaro,2021-01-03
Deux attentats islamistes ont été déjoués en 2020 en France,Figaro,2021-01-03
Emmanuel Macron à la CAF de Tours mardi pour promouvoir la réforme de la pension alimentaire,Figaro,2021-01-03
Coronavirus : Boris Johnson envisage de plus strictes restrictions,Figaro,2021-01-03
"Covid-19 : «la tendance est préoccupante», s'inquiète Jérôme Salomon",Figaro,2021-01-03
Jordan Bardella critique le gouvernement : «Ils nous auront tout fait»,Figaro,2021-01-03
Covid-19 : la campagne de vaccination démarre-t-elle trop lentement en France ?,Figaro,2021-01-03
"Grippe aviaire : 40 nouveaux foyers confirmés, principalement dans les Landes",Figaro,2021-01-03
Philippe Martinez «met en garde» le gouvernement contre la «colère» qui anime le pays,Figaro,2021-01-03
Bordeaux en proie à une vraie guerre des cités,Figaro,2021-01-03
Les États-Unis mettent fin à un important canal d'évasion fiscale et de blanchiment d'argent,Figaro,2021-01-03
"Covid-19 : partis skier en Suisse, 48 Français placés à l'isolement à leur retour dans le Doubs",Figaro,2021-01-03
Iran: trois hommes exécutés pour «terrorisme» et meurtres,Figaro,2021-01-03
Le groupe Lagardère obtient un prêt garanti par l'État de 465 millions d'euros,Figaro,2021-01-03
Covid-19: l'Inde autorise deux vaccins dont celui d'AstraZeneca/Oxford,Figaro,2021-01-03
Pierre Cardin a été inhumé à Montmartre en habit d'académicien des beaux-arts,Figaro,2021-01-03
Fête sauvage près de Rennes : une personne maintenue en garde à vue,Figaro,2021-01-03
Le patron de CNews affirme qu'Olivier Véran boycotte sa chaîne,Figaro,2021-01-03
Des chefs d'entreprise visent 100.000 offres d'emploi pour les jeunes d'ici fin janvier,Figaro,2021-01-03
"Petit guide pour découvrir Marie-Galante, une pépite des Antilles françaises",Figaro,2021-01-03
Comment Frédéric Beigbeder veut transformer le Bataclan en boîte de nuit littéraire pour fêter sa carrière,Figaro,2021-01-03
"Au Portugal, dix hôtels de charme au fil du Douro",Figaro,2021-01-03
"Démos, le projet qui transforme les jeunes en musiciens, fête ses 10 ans",Figaro,2021-01-03
Covid-19 : le célèbre journaliste américain Larry King hospitalisé,Figaro,2021-01-03
"Le 39e album d'Astérix sortira le 21 octobre, découvrez les premières images",Figaro,2021-01-03
"Après quatorze années sans public et nombreux travaux, le mausolée d'Auguste à Rome rouvre",Figaro,2021-01-03
"Après une annus horribilis, la culture espère une embellie en 2021",Figaro,2021-01-03
Des comédiens dans des vitrines pour contourner la fermeture des théâtres à Miami Beach,Figaro,2021-01-03
La France de l'esclavage racontée à travers les fouilles archéologiques de métropole et d'outre-mer,Figaro,2021-01-03
L'éphéméride du dimanche 3 janvier 2021,Figaro,2021-01-03
"Dune, Top Gun 2, James Bond, OSS 117... Le calendrier (provisoire) des sorties ciné en 2021",Figaro,2021-01-03
